"controller_id","asset_id","occurrence_datetime","latitude","longitude","sent_datetime","snapshot"
"65","70",2023-05-23 11:50:41.714,"40.174","74.252",2023-05-23 11:50:41.714,"{ts:1684857041714,param:{{name:'Y',node:'1',status:'OK',value:'436.008',value_type:'INTEGER'},{name:'Z',node:'1',status:'OK',value:'0.833667',value_type:'INTEGER'},{name:'MODEL',node:'1',status:'OK',value:'2',value_type:'INTEGER'},{name:'LAYER',node:'1',status:'OK',value:'336',value_type:'INTEGER'},{name:'JOB',node:'1',status:'OK',value:'1',value_type:'INTEGER'},{name:'X',node:'1',status:'OK',value:'301.73900000000003',value_type:'INTEGER'},{name:'z_variance',node:'1',status:'OK',value:'0.30500000000000005',value_type:'INTEGER'}}}"
"65","70",2023-05-23 11:50:27.717,"40.174","74.252",2023-05-23 11:50:27.717,"{ts:1684857027717,param:{{name:'z_variance',node:'1',status:'OK',value:'0.339333',value_type:'INTEGER'},{name:'X',node:'1',status:'OK',value:'301.891',value_type:'INTEGER'},{name:'MODEL',node:'1',status:'OK',value:'2',value_type:'INTEGER'},{name:'Z',node:'1',status:'OK',value:'0.868',value_type:'INTEGER'},{name:'LAYER',node:'1',status:'OK',value:'336',value_type:'INTEGER'},{name:'JOB',node:'1',status:'OK',value:'1',value_type:'INTEGER'},{name:'Y',node:'1',status:'OK',value:'435.147',value_type:'INTEGER'}}}"
"65","70",2023-05-23 11:50:25.716,"40.174","74.252",2023-05-23 11:50:25.716,"{ts:1684857025716,param:{{name:'MODEL',node:'1',status:'OK',value:'2',value_type:'INTEGER'},{name:'z_variance',node:'1',status:'OK',value:'0.3195',value_type:'INTEGER'},{name:'Z',node:'1',status:'OK',value:'0.848167',value_type:'INTEGER'},{name:'LAYER',node:'1',status:'OK',value:'336',value_type:'INTEGER'},{name:'JOB',node:'1',status:'OK',value:'1',value_type:'INTEGER'},{name:'Y',node:'1',status:'OK',value:'435.015',value_type:'INTEGER'},{name:'X',node:'1',status:'OK',value:'301.914',value_type:'INTEGER'}}}"
"65","70",2023-05-23 11:50:21.716,"40.174","74.252",2023-05-23 11:50:21.716,"{ts:1684857021716,param:{{name:'MODEL',node:'1',status:'OK',value:'2',value_type:'INTEGER'},{name:'X',node:'1',status:'OK',value:'301.961',value_type:'INTEGER'},{name:'Z',node:'1',status:'OK',value:'0.790833',value_type:'INTEGER'},{name:'LAYER',node:'1',status:'OK',value:'336',value_type:'INTEGER'},{name:'JOB',node:'1',status:'OK',value:'1',value_type:'INTEGER'},{name:'Y',node:'1',status:'OK',value:'434.75',value_type:'INTEGER'},{name:'z_variance',node:'1',status:'OK',value:'0.262166',value_type:'INTEGER'}}}"
"65","70",2023-05-23 11:50:20.717,"40.174","74.252",2023-05-23 11:50:20.717,"{ts:1684857020717,param:{{name:'MODEL',node:'1',status:'OK',value:'2',value_type:'INTEGER'},{name:'X',node:'1',status:'OK',value:'301.961',value_type:'INTEGER'},{name:'Z',node:'1',status:'OK',value:'0.790833',value_type:'INTEGER'},{name:'LAYER',node:'1',status:'OK',value:'336',value_type:'INTEGER'},{name:'JOB',node:'1',status:'OK',value:'1',value_type:'INTEGER'},{name:'Y',node:'1',status:'OK',value:'434.75',value_type:'INTEGER'},{name:'z_variance',node:'1',status:'OK',value:'0.262166',value_type:'INTEGER'}}}"
"65","70",2023-05-23 11:50:17.713,"40.174","74.252",2023-05-23 11:50:17.713,"{ts:1684857017713,param:{{name:'Y',node:'1',status:'OK',value:'434.551',value_type:'INTEGER'},{name:'z_variance',node:'1',status:'OK',value:'0.268166',value_type:'INTEGER'},{name:'MODEL',node:'1',status:'OK',value:'2',value_type:'INTEGER'},{name:'LAYER',node:'1',status:'OK',value:'336',value_type:'INTEGER'},{name:'JOB',node:'1',status:'OK',value:'1',value_type:'INTEGER'},{name:'X',node:'1',status:'OK',value:'301.996',value_type:'INTEGER'},{name:'Z',node:'1',status:'OK',value:'0.796833',value_type:'INTEGER'}}}"
"65","70",2023-05-23 11:50:16.713,"40.174","74.252",2023-05-23 11:50:16.713,"{ts:1684857016713,param:{{name:'Y',node:'1',status:'OK',value:'434.485',value_type:'INTEGER'},{name:'MODEL',node:'1',status:'OK',value:'2',value_type:'INTEGER'},{name:'X',node:'1',status:'OK',value:'302.008',value_type:'INTEGER'},{name:'LAYER',node:'1',status:'OK',value:'336',value_type:'INTEGER'},{name:'JOB',node:'1',status:'OK',value:'1',value_type:'INTEGER'},{name:'z_variance',node:'1',status:'OK',value:'0.362',value_type:'INTEGER'},{name:'Z',node:'1',status:'OK',value:'0.890667',value_type:'INTEGER'}}}"
"65","70",2023-05-23 11:50:15.716,"40.174","74.252",2023-05-23 11:50:15.716,"{ts:1684857015716,param:{{name:'Z',node:'1',status:'OK',value:'0.769833',value_type:'INTEGER'},{name:'MODEL',node:'1',status:'OK',value:'2',value_type:'INTEGER'},{name:'z_variance',node:'1',status:'OK',value:'0.241166',value_type:'INTEGER'},{name:'LAYER',node:'1',status:'OK',value:'336',value_type:'INTEGER'},{name:'JOB',node:'1',status:'OK',value:'1',value_type:'INTEGER'},{name:'X',node:'1',status:'OK',value:'302.02',value_type:'INTEGER'},{name:'Y',node:'1',status:'OK',value:'434.419',value_type:'INTEGER'}}}"
"65","70",2023-05-23 11:50:07.717,"40.174","74.252",2023-05-23 11:50:07.717,"{ts:1684857007717,param:{{name:'z_variance',node:'1',status:'OK',value:'0.250333',value_type:'INTEGER'},{name:'MODEL',node:'1',status:'OK',value:'2',value_type:'INTEGER'},{name:'Z',node:'1',status:'OK',value:'0.779',value_type:'INTEGER'},{name:'LAYER',node:'1',status:'OK',value:'336',value_type:'INTEGER'},{name:'JOB',node:'1',status:'OK',value:'1',value_type:'INTEGER'},{name:'X',node:'1',status:'OK',value:'302.101',value_type:'INTEGER'},{name:'Y',node:'1',status:'OK',value:'433.955',value_type:'INTEGER'}}}"
"65","70",2023-05-23 11:49:34.717,"40.174","74.252",2023-05-23 11:49:34.717,"{ts:1684856974717,param:{{name:'Z',node:'1',status:'OK',value:'0.238',value_type:'INTEGER'},{name:'z_variance',node:'1',status:'OK',value:'0.290667',value_type:'INTEGER'},{name:'Y',node:'1',status:'OK',value:'431.969',value_type:'INTEGER'},{name:'MODEL',node:'1',status:'OK',value:'2',value_type:'INTEGER'},{name:'LAYER',node:'1',status:'OK',value:'336',value_type:'INTEGER'},{name:'JOB',node:'1',status:'OK',value:'1',value_type:'INTEGER'},{name:'X',node:'1',status:'OK',value:'302.452',value_type:'INTEGER'}}}"
"65","70",2023-05-23 11:49:33.717,"40.174","74.252",2023-05-23 11:49:33.717,"{ts:1684856973717,param:{{name:'Y',node:'1',status:'OK',value:'431.903',value_type:'INTEGER'},{name:'MODEL',node:'1',status:'OK',value:'2',value_type:'INTEGER'},{name:'Z',node:'1',status:'OK',value:'0.248667',value_type:'INTEGER'},{name:'LAYER',node:'1',status:'OK',value:'336',value_type:'INTEGER'},{name:'JOB',node:'1',status:'OK',value:'1',value_type:'INTEGER'},{name:'z_variance',node:'1',status:'OK',value:'0.28',value_type:'INTEGER'},{name:'X',node:'1',status:'OK',value:'302.463',value_type:'INTEGER'}}}"
"65","70",2023-05-23 11:49:32.717,"40.174","74.252",2023-05-23 11:49:32.717,"{ts:1684856972717,param:{{name:'z_variance',node:'1',status:'OK',value:'0.250167',value_type:'INTEGER'},{name:'MODEL',node:'1',status:'OK',value:'2',value_type:'INTEGER'},{name:'LAYER',node:'1',status:'OK',value:'336',value_type:'INTEGER'},{name:'JOB',node:'1',status:'OK',value:'1',value_type:'INTEGER'},{name:'Y',node:'1',status:'OK',value:'431.836',value_type:'INTEGER'},{name:'X',node:'1',status:'OK',value:'302.475',value_type:'INTEGER'},{name:'Z',node:'1',status:'OK',value:'0.2785',value_type:'INTEGER'}}}"
"65","70",2023-05-23 11:48:54.716,"40.174","74.252",2023-05-23 11:48:54.716,"{ts:1684856934716,param:{{name:'z_variance',node:'1',status:'OK',value:'0.250167',value_type:'INTEGER'},{name:'MODEL',node:'1',status:'OK',value:'2',value_type:'INTEGER'},{name:'LAYER',node:'1',status:'OK',value:'336',value_type:'INTEGER'},{name:'JOB',node:'1',status:'OK',value:'1',value_type:'INTEGER'},{name:'X',node:'1',status:'OK',value:'302.884',value_type:'INTEGER'},{name:'Y',node:'1',status:'OK',value:'429.518',value_type:'INTEGER'},{name:'Z',node:'1',status:'OK',value:'0.2785',value_type:'INTEGER'}}}"
"65","70",2023-05-23 11:48:21.714,"40.174","74.252",2023-05-23 11:48:21.714,"{ts:1684856901714,param:{{name:'Y',node:'1',status:'OK',value:'427.532',value_type:'INTEGER'},{name:'MODEL',node:'1',status:'OK',value:'2',value_type:'INTEGER'},{name:'z_variance',node:'1',status:'OK',value:'0.269167',value_type:'INTEGER'},{name:'LAYER',node:'1',status:'OK',value:'336',value_type:'INTEGER'},{name:'JOB',node:'1',status:'OK',value:'1',value_type:'INTEGER'},{name:'X',node:'1',status:'OK',value:'303.234',value_type:'INTEGER'},{name:'Z',node:'1',status:'OK',value:'0.2595',value_type:'INTEGER'}}}"
"65","70",2023-05-23 11:48:20.718,"40.174","74.252",2023-05-23 11:48:20.718,"{ts:1684856900718,param:{{name:'Y',node:'1',status:'OK',value:'427.466',value_type:'INTEGER'},{name:'MODEL',node:'1',status:'OK',value:'2',value_type:'INTEGER'},{name:'LAYER',node:'1',status:'OK',value:'336',value_type:'INTEGER'},{name:'JOB',node:'1',status:'OK',value:'1',value_type:'INTEGER'},{name:'z_variance',node:'1',status:'OK',value:'0.281334',value_type:'INTEGER'},{name:'Z',node:'1',status:'OK',value:'0.247333',value_type:'INTEGER'},{name:'X',node:'1',status:'OK',value:'303.246',value_type:'INTEGER'}}}"
"65","70",2023-05-23 11:48:19.719,"40.174","74.252",2023-05-23 11:48:19.719,"{ts:1684856899719,param:{{name:'Y',node:'1',status:'OK',value:'427.466',value_type:'INTEGER'},{name:'MODEL',node:'1',status:'OK',value:'2',value_type:'INTEGER'},{name:'LAYER',node:'1',status:'OK',value:'336',value_type:'INTEGER'},{name:'JOB',node:'1',status:'OK',value:'1',value_type:'INTEGER'},{name:'z_variance',node:'1',status:'OK',value:'0.281334',value_type:'INTEGER'},{name:'Z',node:'1',status:'OK',value:'0.247333',value_type:'INTEGER'},{name:'X',node:'1',status:'OK',value:'303.246',value_type:'INTEGER'}}}"
"65","70",2023-05-23 11:48:02.716,"40.174","74.252",2023-05-23 11:48:02.716,"{ts:1684856882716,param:{{name:'Y',node:'1',status:'OK',value:'426.406',value_type:'INTEGER'},{name:'z_variance',node:'1',status:'OK',value:'0.267167',value_type:'INTEGER'},{name:'MODEL',node:'1',status:'OK',value:'2',value_type:'INTEGER'},{name:'LAYER',node:'1',status:'OK',value:'336',value_type:'INTEGER'},{name:'JOB',node:'1',status:'OK',value:'1',value_type:'INTEGER'},{name:'Z',node:'1',status:'OK',value:'0.2615',value_type:'INTEGER'},{name:'X',node:'1',status:'OK',value:'303.433',value_type:'INTEGER'}}}"
"65","70",2023-05-23 11:47:54.719,"40.174","74.252",2023-05-23 11:47:54.719,"{ts:1684856874719,param:{{name:'X',node:'1',status:'OK',value:'303.514',value_type:'INTEGER'},{name:'Z',node:'1',status:'OK',value:'0.286333',value_type:'INTEGER'},{name:'MODEL',node:'1',status:'OK',value:'2',value_type:'INTEGER'},{name:'z_variance',node:'1',status:'OK',value:'0.242334',value_type:'INTEGER'},{name:'LAYER',node:'1',status:'OK',value:'336',value_type:'INTEGER'},{name:'JOB',node:'1',status:'OK',value:'1',value_type:'INTEGER'},{name:'Y',node:'1',status:'OK',value:'425.942',value_type:'INTEGER'}}}"
"65","70",2023-05-23 11:47:11.715,"40.174","74.252",2023-05-23 11:47:11.715,"{ts:1684856831715,param:{{name:'Z',node:'1',status:'OK',value:'0.842',value_type:'INTEGER'},{name:'MODEL',node:'1',status:'OK',value:'2',value_type:'INTEGER'},{name:'LAYER',node:'1',status:'OK',value:'336',value_type:'INTEGER'},{name:'JOB',node:'1',status:'OK',value:'1',value_type:'INTEGER'},{name:'Y',node:'1',status:'OK',value:'423.36',value_type:'INTEGER'},{name:'z_variance',node:'1',status:'OK',value:'0.313333',value_type:'INTEGER'},{name:'X',node:'1',status:'OK',value:'303.97',value_type:'INTEGER'}}}"
"65","70",2023-05-23 11:47:05.713,"40.174","74.252",2023-05-23 11:47:05.713,"{ts:1684856825713,param:{{name:'MODEL',node:'1',status:'OK',value:'2',value_type:'INTEGER'},{name:'LAYER',node:'1',status:'OK',value:'336',value_type:'INTEGER'},{name:'JOB',node:'1',status:'OK',value:'1',value_type:'INTEGER'},{name:'z_variance',node:'1',status:'OK',value:'0.29816600000000004',value_type:'INTEGER'},{name:'X',node:'1',status:'OK',value:'304.04',value_type:'INTEGER'},{name:'Y',node:'1',status:'OK',value:'422.962',value_type:'INTEGER'},{name:'Z',node:'1',status:'OK',value:'0.826833',value_type:'INTEGER'}}}"
"65","70",2023-05-23 11:47:04.714,"40.174","74.252",2023-05-23 11:47:04.714,"{ts:1684856824714,param:{{name:'MODEL',node:'1',status:'OK',value:'2',value_type:'INTEGER'},{name:'Y',node:'1',status:'OK',value:'422.896',value_type:'INTEGER'},{name:'LAYER',node:'1',status:'OK',value:'336',value_type:'INTEGER'},{name:'JOB',node:'1',status:'OK',value:'1',value_type:'INTEGER'},{name:'X',node:'1',status:'OK',value:'304.052',value_type:'INTEGER'},{name:'Z',node:'1',status:'OK',value:'1.17633',value_type:'INTEGER'},{name:'z_variance',node:'1',status:'OK',value:'0.6476630000000001',value_type:'INTEGER'}}}"
"65","70",2023-05-23 11:47:03.715,"40.174","74.252",2023-05-23 11:47:03.715,"{ts:1684856823715,param:{{name:'Y',node:'1',status:'OK',value:'422.83',value_type:'INTEGER'},{name:'MODEL',node:'1',status:'OK',value:'2',value_type:'INTEGER'},{name:'LAYER',node:'1',status:'OK',value:'336',value_type:'INTEGER'},{name:'JOB',node:'1',status:'OK',value:'1',value_type:'INTEGER'},{name:'X',node:'1',status:'OK',value:'304.063',value_type:'INTEGER'},{name:'z_variance',node:'1',status:'OK',value:'0.40783400000000003',value_type:'INTEGER'},{name:'Z',node:'1',status:'OK',value:'0.120833',value_type:'INTEGER'}}}"
"65","70",2023-05-23 11:47:02.715,"40.174","74.252",2023-05-23 11:47:02.715,"{ts:1684856822715,param:{{name:'Y',node:'1',status:'OK',value:'422.83',value_type:'INTEGER'},{name:'MODEL',node:'1',status:'OK',value:'2',value_type:'INTEGER'},{name:'LAYER',node:'1',status:'OK',value:'336',value_type:'INTEGER'},{name:'JOB',node:'1',status:'OK',value:'1',value_type:'INTEGER'},{name:'X',node:'1',status:'OK',value:'304.063',value_type:'INTEGER'},{name:'z_variance',node:'1',status:'OK',value:'0.40783400000000003',value_type:'INTEGER'},{name:'Z',node:'1',status:'OK',value:'0.120833',value_type:'INTEGER'}}}"
"65","70",2023-05-23 11:47:01.718,"40.174","74.252",2023-05-23 11:47:01.718,"{ts:1684856821718,param:{{name:'Z',node:'1',status:'OK',value:'0.005',value_type:'INTEGER'},{name:'MODEL',node:'1',status:'OK',value:'2',value_type:'INTEGER'},{name:'X',node:'1',status:'OK',value:'304.075',value_type:'INTEGER'},{name:'Y',node:'1',status:'OK',value:'422.764',value_type:'INTEGER'},{name:'LAYER',node:'1',status:'OK',value:'336',value_type:'INTEGER'},{name:'JOB',node:'1',status:'OK',value:'1',value_type:'INTEGER'},{name:'z_variance',node:'1',status:'OK',value:'0.523667',value_type:'INTEGER'}}}"
"65","70",2023-05-23 11:47:00.718,"40.174","74.252",2023-05-23 11:47:00.718,"{ts:1684856820718,param:{{name:'z_variance',node:'1',status:'OK',value:'0.52483367',value_type:'INTEGER'},{name:'MODEL',node:'1',status:'OK',value:'2',value_type:'INTEGER'},{name:'X',node:'1',status:'OK',value:'304.087',value_type:'INTEGER'},{name:'Y',node:'1',status:'OK',value:'422.697',value_type:'INTEGER'},{name:'LAYER',node:'1',status:'OK',value:'336',value_type:'INTEGER'},{name:'JOB',node:'1',status:'OK',value:'1',value_type:'INTEGER'},{name:'Z',node:'1',status:'OK',value:'0.00383333',value_type:'INTEGER'}}}"
"65","70",2023-05-23 11:46:59.715,"40.174","74.252",2023-05-23 11:46:59.715,"{ts:1684856819715,param:{{name:'MODEL',node:'1',status:'OK',value:'2',value_type:'INTEGER'},{name:'Y',node:'1',status:'OK',value:'422.631',value_type:'INTEGER'},{name:'X',node:'1',status:'OK',value:'304.098',value_type:'INTEGER'},{name:'LAYER',node:'1',status:'OK',value:'336',value_type:'INTEGER'},{name:'JOB',node:'1',status:'OK',value:'1',value_type:'INTEGER'},{name:'Z',node:'1',status:'OK',value:'0.00483333',value_type:'INTEGER'},{name:'z_variance',node:'1',status:'OK',value:'0.52383367',value_type:'INTEGER'}}}"
"65","70",2023-05-23 11:46:58.713,"40.174","74.252",2023-05-23 11:46:58.713,"{ts:1684856818713,param:{{name:'MODEL',node:'1',status:'OK',value:'2',value_type:'INTEGER'},{name:'Y',node:'1',status:'OK',value:'422.565',value_type:'INTEGER'},{name:'LAYER',node:'1',status:'OK',value:'336',value_type:'INTEGER'},{name:'JOB',node:'1',status:'OK',value:'1',value_type:'INTEGER'},{name:'Z',node:'1',status:'OK',value:'0.00483333',value_type:'INTEGER'},{name:'z_variance',node:'1',status:'OK',value:'0.52383367',value_type:'INTEGER'},{name:'X',node:'1',status:'OK',value:'304.11',value_type:'INTEGER'}}}"
"65","70",2023-05-23 11:46:57.715,"40.174","74.252",2023-05-23 11:46:57.715,"{ts:1684856817715,param:{{name:'X',node:'1',status:'OK',value:'304.122',value_type:'INTEGER'},{name:'MODEL',node:'1',status:'OK',value:'2',value_type:'INTEGER'},{name:'Z',node:'1',status:'OK',value:'0.00516667',value_type:'INTEGER'},{name:'Y',node:'1',status:'OK',value:'422.499',value_type:'INTEGER'},{name:'LAYER',node:'1',status:'OK',value:'336',value_type:'INTEGER'},{name:'z_variance',node:'1',status:'OK',value:'0.52350033',value_type:'INTEGER'},{name:'JOB',node:'1',status:'OK',value:'1',value_type:'INTEGER'}}}"
"65","70",2023-05-23 11:46:56.718,"40.174","74.252",2023-05-23 11:46:56.718,"{ts:1684856816718,param:{{name:'X',node:'1',status:'OK',value:'304.133',value_type:'INTEGER'},{name:'Z',node:'1',status:'OK',value:'0.005',value_type:'INTEGER'},{name:'MODEL',node:'1',status:'OK',value:'2',value_type:'INTEGER'},{name:'Y',node:'1',status:'OK',value:'422.433',value_type:'INTEGER'},{name:'LAYER',node:'1',status:'OK',value:'336',value_type:'INTEGER'},{name:'JOB',node:'1',status:'OK',value:'1',value_type:'INTEGER'},{name:'z_variance',node:'1',status:'OK',value:'0.523667',value_type:'INTEGER'}}}"
"65","70",2023-05-23 11:46:55.716,"40.174","74.252",2023-05-23 11:46:55.716,"{ts:1684856815716,param:{{name:'Y',node:'1',status:'OK',value:'422.366',value_type:'INTEGER'},{name:'X',node:'1',status:'OK',value:'304.145',value_type:'INTEGER'},{name:'Z',node:'1',status:'OK',value:'0.005',value_type:'INTEGER'},{name:'MODEL',node:'1',status:'OK',value:'2',value_type:'INTEGER'},{name:'LAYER',node:'1',status:'OK',value:'336',value_type:'INTEGER'},{name:'JOB',node:'1',status:'OK',value:'1',value_type:'INTEGER'},{name:'z_variance',node:'1',status:'OK',value:'0.523667',value_type:'INTEGER'}}}"
"65","70",2023-05-23 11:46:54.716,"40.174","74.252",2023-05-23 11:46:54.716,"{ts:1684856814716,param:{{name:'X',node:'1',status:'OK',value:'304.157',value_type:'INTEGER'},{name:'MODEL',node:'1',status:'OK',value:'2',value_type:'INTEGER'},{name:'Z',node:'1',status:'OK',value:'0.00516667',value_type:'INTEGER'},{name:'LAYER',node:'1',status:'OK',value:'336',value_type:'INTEGER'},{name:'z_variance',node:'1',status:'OK',value:'0.52350033',value_type:'INTEGER'},{name:'Y',node:'1',status:'OK',value:'422.3',value_type:'INTEGER'},{name:'JOB',node:'1',status:'OK',value:'1',value_type:'INTEGER'}}}"
"65","70",2023-05-23 11:46:53.715,"40.174","74.252",2023-05-23 11:46:53.715,"{ts:1684856813715,param:{{name:'Y',node:'1',status:'OK',value:'422.234',value_type:'INTEGER'},{name:'X',node:'1',status:'OK',value:'304.168',value_type:'INTEGER'},{name:'MODEL',node:'1',status:'OK',value:'2',value_type:'INTEGER'},{name:'LAYER',node:'1',status:'OK',value:'336',value_type:'INTEGER'},{name:'JOB',node:'1',status:'OK',value:'1',value_type:'INTEGER'},{name:'Z',node:'1',status:'OK',value:'0.00483333',value_type:'INTEGER'},{name:'z_variance',node:'1',status:'OK',value:'0.52383367',value_type:'INTEGER'}}}"
"65","70",2023-05-23 11:46:52.718,"40.174","74.252",2023-05-23 11:46:52.718,"{ts:1684856812718,param:{{name:'Y',node:'1',status:'OK',value:'422.168',value_type:'INTEGER'},{name:'Z',node:'1',status:'OK',value:'0.0055',value_type:'INTEGER'},{name:'MODEL',node:'1',status:'OK',value:'2',value_type:'INTEGER'},{name:'z_variance',node:'1',status:'OK',value:'0.523167',value_type:'INTEGER'},{name:'X',node:'1',status:'OK',value:'304.18',value_type:'INTEGER'},{name:'LAYER',node:'1',status:'OK',value:'336',value_type:'INTEGER'},{name:'JOB',node:'1',status:'OK',value:'1',value_type:'INTEGER'}}}"
"65","70",2023-05-23 11:46:51.716,"40.174","74.252",2023-05-23 11:46:51.716,"{ts:1684856811716,param:{{name:'Y',node:'1',status:'OK',value:'422.168',value_type:'INTEGER'},{name:'Z',node:'1',status:'OK',value:'0.0055',value_type:'INTEGER'},{name:'MODEL',node:'1',status:'OK',value:'2',value_type:'INTEGER'},{name:'z_variance',node:'1',status:'OK',value:'0.523167',value_type:'INTEGER'},{name:'X',node:'1',status:'OK',value:'304.18',value_type:'INTEGER'},{name:'LAYER',node:'1',status:'OK',value:'336',value_type:'INTEGER'},{name:'JOB',node:'1',status:'OK',value:'1',value_type:'INTEGER'}}}"
"65","70",2023-05-23 11:46:50.717,"40.174","74.252",2023-05-23 11:46:50.717,"{ts:1684856810717,param:{{name:'Y',node:'1',status:'OK',value:'422.101',value_type:'INTEGER'},{name:'Z',node:'1',status:'OK',value:'0.005',value_type:'INTEGER'},{name:'MODEL',node:'1',status:'OK',value:'2',value_type:'INTEGER'},{name:'LAYER',node:'1',status:'OK',value:'336',value_type:'INTEGER'},{name:'JOB',node:'1',status:'OK',value:'1',value_type:'INTEGER'},{name:'X',node:'1',status:'OK',value:'304.192',value_type:'INTEGER'},{name:'z_variance',node:'1',status:'OK',value:'0.523667',value_type:'INTEGER'}}}"
"65","70",2023-05-23 11:46:49.716,"40.174","74.252",2023-05-23 11:46:49.716,"{ts:1684856809716,param:{{name:'MODEL',node:'1',status:'OK',value:'2',value_type:'INTEGER'},{name:'Z',node:'1',status:'OK',value:'0.00516667',value_type:'INTEGER'},{name:'LAYER',node:'1',status:'OK',value:'336',value_type:'INTEGER'},{name:'z_variance',node:'1',status:'OK',value:'0.52350033',value_type:'INTEGER'},{name:'Y',node:'1',status:'OK',value:'422.035',value_type:'INTEGER'},{name:'JOB',node:'1',status:'OK',value:'1',value_type:'INTEGER'},{name:'X',node:'1',status:'OK',value:'304.20300000000003',value_type:'INTEGER'}}}"
"65","70",2023-05-23 11:46:48.713,"40.174","74.252",2023-05-23 11:46:48.713,"{ts:1684856808713,param:{{name:'z_variance',node:'1',status:'OK',value:'0.52333367',value_type:'INTEGER'},{name:'MODEL',node:'1',status:'OK',value:'2',value_type:'INTEGER'},{name:'LAYER',node:'1',status:'OK',value:'336',value_type:'INTEGER'},{name:'JOB',node:'1',status:'OK',value:'1',value_type:'INTEGER'},{name:'Z',node:'1',status:'OK',value:'0.00533333',value_type:'INTEGER'},{name:'X',node:'1',status:'OK',value:'304.21500000000003',value_type:'INTEGER'},{name:'Y',node:'1',status:'OK',value:'421.969',value_type:'INTEGER'}}}"
"65","70",2023-05-23 11:46:47.717,"40.174","74.252",2023-05-23 11:46:47.717,"{ts:1684856807717,param:{{name:'z_variance',node:'1',status:'OK',value:'0.52300033',value_type:'INTEGER'},{name:'Z',node:'1',status:'OK',value:'0.00566667',value_type:'INTEGER'},{name:'MODEL',node:'1',status:'OK',value:'2',value_type:'INTEGER'},{name:'LAYER',node:'1',status:'OK',value:'336',value_type:'INTEGER'},{name:'JOB',node:'1',status:'OK',value:'1',value_type:'INTEGER'},{name:'X',node:'1',status:'OK',value:'304.22700000000003',value_type:'INTEGER'},{name:'Y',node:'1',status:'OK',value:'421.903',value_type:'INTEGER'}}}"
"65","70",2023-05-23 11:46:46.718,"40.174","74.252",2023-05-23 11:46:46.718,"{ts:1684856806718,param:{{name:'X',node:'1',status:'OK',value:'304.23900000000003',value_type:'INTEGER'},{name:'Z',node:'1',status:'OK',value:'0.0055',value_type:'INTEGER'},{name:'MODEL',node:'1',status:'OK',value:'2',value_type:'INTEGER'},{name:'z_variance',node:'1',status:'OK',value:'0.523167',value_type:'INTEGER'},{name:'LAYER',node:'1',status:'OK',value:'336',value_type:'INTEGER'},{name:'JOB',node:'1',status:'OK',value:'1',value_type:'INTEGER'},{name:'Y',node:'1',status:'OK',value:'421.837',value_type:'INTEGER'}}}"
"65","70",2023-05-23 11:46:45.713,"40.174","74.252",2023-05-23 11:46:45.713,"{ts:1684856805713,param:{{name:'MODEL',node:'1',status:'OK',value:'2',value_type:'INTEGER'},{name:'Z',node:'1',status:'OK',value:'0.00516667',value_type:'INTEGER'},{name:'LAYER',node:'1',status:'OK',value:'336',value_type:'INTEGER'},{name:'z_variance',node:'1',status:'OK',value:'0.52350033',value_type:'INTEGER'},{name:'JOB',node:'1',status:'OK',value:'1',value_type:'INTEGER'},{name:'X',node:'1',status:'OK',value:'304.25100000000003',value_type:'INTEGER'},{name:'Y',node:'1',status:'OK',value:'421.77',value_type:'INTEGER'}}}"
"65","70",2023-05-23 11:46:44.713,"40.174","74.252",2023-05-23 11:46:44.713,"{ts:1684856804713,param:{{name:'MODEL',node:'1',status:'OK',value:'2',value_type:'INTEGER'},{name:'Z',node:'1',status:'OK',value:'0.00516667',value_type:'INTEGER'},{name:'LAYER',node:'1',status:'OK',value:'336',value_type:'INTEGER'},{name:'z_variance',node:'1',status:'OK',value:'0.52350033',value_type:'INTEGER'},{name:'JOB',node:'1',status:'OK',value:'1',value_type:'INTEGER'},{name:'X',node:'1',status:'OK',value:'304.262',value_type:'INTEGER'},{name:'Y',node:'1',status:'OK',value:'421.704',value_type:'INTEGER'}}}"
"65","70",2023-05-23 11:46:43.716,"40.174","74.252",2023-05-23 11:46:43.716,"{ts:1684856803716,param:{{name:'z_variance',node:'1',status:'OK',value:'0.52333367',value_type:'INTEGER'},{name:'MODEL',node:'1',status:'OK',value:'2',value_type:'INTEGER'},{name:'LAYER',node:'1',status:'OK',value:'336',value_type:'INTEGER'},{name:'JOB',node:'1',status:'OK',value:'1',value_type:'INTEGER'},{name:'X',node:'1',status:'OK',value:'304.274',value_type:'INTEGER'},{name:'Z',node:'1',status:'OK',value:'0.00533333',value_type:'INTEGER'},{name:'Y',node:'1',status:'OK',value:'421.638',value_type:'INTEGER'}}}"
"65","70",2023-05-23 11:46:42.714,"40.174","74.252",2023-05-23 11:46:42.714,"{ts:1684856802714,param:{{name:'X',node:'1',status:'OK',value:'304.286',value_type:'INTEGER'},{name:'MODEL',node:'1',status:'OK',value:'2',value_type:'INTEGER'},{name:'LAYER',node:'1',status:'OK',value:'336',value_type:'INTEGER'},{name:'JOB',node:'1',status:'OK',value:'1',value_type:'INTEGER'},{name:'Y',node:'1',status:'OK',value:'421.572',value_type:'INTEGER'},{name:'Z',node:'1',status:'OK',value:'0.00483333',value_type:'INTEGER'},{name:'z_variance',node:'1',status:'OK',value:'0.52383367',value_type:'INTEGER'}}}"
"65","70",2023-05-23 11:46:41.715,"40.174","74.252",2023-05-23 11:46:41.715,"{ts:1684856801715,param:{{name:'X',node:'1',status:'OK',value:'304.297',value_type:'INTEGER'},{name:'MODEL',node:'1',status:'OK',value:'2',value_type:'INTEGER'},{name:'Z',node:'1',status:'OK',value:'0.00516667',value_type:'INTEGER'},{name:'LAYER',node:'1',status:'OK',value:'336',value_type:'INTEGER'},{name:'z_variance',node:'1',status:'OK',value:'0.52350033',value_type:'INTEGER'},{name:'JOB',node:'1',status:'OK',value:'1',value_type:'INTEGER'},{name:'Y',node:'1',status:'OK',value:'421.506',value_type:'INTEGER'}}}"
"65","70",2023-05-23 11:46:40.717,"40.174","74.252",2023-05-23 11:46:40.717,"{ts:1684856800717,param:{{name:'X',node:'1',status:'OK',value:'304.297',value_type:'INTEGER'},{name:'MODEL',node:'1',status:'OK',value:'2',value_type:'INTEGER'},{name:'Z',node:'1',status:'OK',value:'0.00516667',value_type:'INTEGER'},{name:'LAYER',node:'1',status:'OK',value:'336',value_type:'INTEGER'},{name:'z_variance',node:'1',status:'OK',value:'0.52350033',value_type:'INTEGER'},{name:'JOB',node:'1',status:'OK',value:'1',value_type:'INTEGER'},{name:'Y',node:'1',status:'OK',value:'421.506',value_type:'INTEGER'}}}"
"65","70",2023-05-23 11:46:39.713,"40.174","74.252",2023-05-23 11:46:39.713,"{ts:1684856799713,param:{{name:'z_variance',node:'1',status:'OK',value:'0.52333367',value_type:'INTEGER'},{name:'X',node:'1',status:'OK',value:'304.309',value_type:'INTEGER'},{name:'MODEL',node:'1',status:'OK',value:'2',value_type:'INTEGER'},{name:'LAYER',node:'1',status:'OK',value:'336',value_type:'INTEGER'},{name:'JOB',node:'1',status:'OK',value:'1',value_type:'INTEGER'},{name:'Z',node:'1',status:'OK',value:'0.00533333',value_type:'INTEGER'},{name:'Y',node:'1',status:'OK',value:'421.439',value_type:'INTEGER'}}}"
"65","70",2023-05-23 11:46:38.717,"40.174","74.252",2023-05-23 11:46:38.717,"{ts:1684856798717,param:{{name:'X',node:'1',status:'OK',value:'304.321',value_type:'INTEGER'},{name:'Z',node:'1',status:'OK',value:'0.005',value_type:'INTEGER'},{name:'MODEL',node:'1',status:'OK',value:'2',value_type:'INTEGER'},{name:'LAYER',node:'1',status:'OK',value:'336',value_type:'INTEGER'},{name:'JOB',node:'1',status:'OK',value:'1',value_type:'INTEGER'},{name:'Y',node:'1',status:'OK',value:'421.373',value_type:'INTEGER'},{name:'z_variance',node:'1',status:'OK',value:'0.523667',value_type:'INTEGER'}}}"
"65","70",2023-05-23 11:46:37.714,"40.174","74.252",2023-05-23 11:46:37.714,"{ts:1684856797714,param:{{name:'X',node:'1',status:'OK',value:'304.332',value_type:'INTEGER'},{name:'Z',node:'1',status:'OK',value:'0.005',value_type:'INTEGER'},{name:'MODEL',node:'1',status:'OK',value:'2',value_type:'INTEGER'},{name:'LAYER',node:'1',status:'OK',value:'336',value_type:'INTEGER'},{name:'JOB',node:'1',status:'OK',value:'1',value_type:'INTEGER'},{name:'z_variance',node:'1',status:'OK',value:'0.523667',value_type:'INTEGER'},{name:'Y',node:'1',status:'OK',value:'421.307',value_type:'INTEGER'}}}"
"65","70",2023-05-23 11:46:36.717,"40.174","74.252",2023-05-23 11:46:36.717,"{ts:1684856796717,param:{{name:'Z',node:'1',status:'OK',value:'0.0055',value_type:'INTEGER'},{name:'X',node:'1',status:'OK',value:'304.344',value_type:'INTEGER'},{name:'MODEL',node:'1',status:'OK',value:'2',value_type:'INTEGER'},{name:'z_variance',node:'1',status:'OK',value:'0.523167',value_type:'INTEGER'},{name:'LAYER',node:'1',status:'OK',value:'336',value_type:'INTEGER'},{name:'JOB',node:'1',status:'OK',value:'1',value_type:'INTEGER'},{name:'Y',node:'1',status:'OK',value:'421.241',value_type:'INTEGER'}}}"
"65","70",2023-05-23 11:46:35.716,"40.174","74.252",2023-05-23 11:46:35.716,"{ts:1684856795716,param:{{name:'MODEL',node:'1',status:'OK',value:'2',value_type:'INTEGER'},{name:'Z',node:'1',status:'OK',value:'0.00516667',value_type:'INTEGER'},{name:'Y',node:'1',status:'OK',value:'421.174',value_type:'INTEGER'},{name:'LAYER',node:'1',status:'OK',value:'336',value_type:'INTEGER'},{name:'z_variance',node:'1',status:'OK',value:'0.52350033',value_type:'INTEGER'},{name:'JOB',node:'1',status:'OK',value:'1',value_type:'INTEGER'},{name:'X',node:'1',status:'OK',value:'304.356',value_type:'INTEGER'}}}"
"65","70",2023-05-23 11:46:34.718,"40.174","74.252",2023-05-23 11:46:34.718,"{ts:1684856794718,param:{{name:'Y',node:'1',status:'OK',value:'421.108',value_type:'INTEGER'},{name:'MODEL',node:'1',status:'OK',value:'2',value_type:'INTEGER'},{name:'Z',node:'1',status:'OK',value:'0.00516667',value_type:'INTEGER'},{name:'LAYER',node:'1',status:'OK',value:'336',value_type:'INTEGER'},{name:'z_variance',node:'1',status:'OK',value:'0.52350033',value_type:'INTEGER'},{name:'JOB',node:'1',status:'OK',value:'1',value_type:'INTEGER'},{name:'X',node:'1',status:'OK',value:'304.367',value_type:'INTEGER'}}}"
"65","70",2023-05-23 11:46:33.718,"40.174","74.252",2023-05-23 11:46:33.718,"{ts:1684856793718,param:{{name:'z_variance',node:'1',status:'OK',value:'0.524167',value_type:'INTEGER'},{name:'MODEL',node:'1',status:'OK',value:'2',value_type:'INTEGER'},{name:'Y',node:'1',status:'OK',value:'421.042',value_type:'INTEGER'},{name:'LAYER',node:'1',status:'OK',value:'336',value_type:'INTEGER'},{name:'JOB',node:'1',status:'OK',value:'1',value_type:'INTEGER'},{name:'X',node:'1',status:'OK',value:'304.379',value_type:'INTEGER'},{name:'Z',node:'1',status:'OK',value:'0.0045',value_type:'INTEGER'}}}"
"65","70",2023-05-23 11:46:32.718,"40.174","74.252",2023-05-23 11:46:32.718,"{ts:1684856792718,param:{{name:'Z',node:'1',status:'OK',value:'0.0055',value_type:'INTEGER'},{name:'MODEL',node:'1',status:'OK',value:'2',value_type:'INTEGER'},{name:'z_variance',node:'1',status:'OK',value:'0.523167',value_type:'INTEGER'},{name:'LAYER',node:'1',status:'OK',value:'336',value_type:'INTEGER'},{name:'JOB',node:'1',status:'OK',value:'1',value_type:'INTEGER'},{name:'X',node:'1',status:'OK',value:'304.391',value_type:'INTEGER'},{name:'Y',node:'1',status:'OK',value:'420.976',value_type:'INTEGER'}}}"
"65","70",2023-05-23 11:46:31.715,"40.174","74.252",2023-05-23 11:46:31.715,"{ts:1684856791715,param:{{name:'MODEL',node:'1',status:'OK',value:'2',value_type:'INTEGER'},{name:'Z',node:'1',status:'OK',value:'0.00516667',value_type:'INTEGER'},{name:'LAYER',node:'1',status:'OK',value:'336',value_type:'INTEGER'},{name:'z_variance',node:'1',status:'OK',value:'0.52350033',value_type:'INTEGER'},{name:'JOB',node:'1',status:'OK',value:'1',value_type:'INTEGER'},{name:'Y',node:'1',status:'OK',value:'420.91',value_type:'INTEGER'},{name:'X',node:'1',status:'OK',value:'304.402',value_type:'INTEGER'}}}"
"65","70",2023-05-23 11:46:30.717,"40.174","74.252",2023-05-23 11:46:30.717,"{ts:1684856790717,param:{{name:'Z',node:'1',status:'OK',value:'0.0055',value_type:'INTEGER'},{name:'MODEL',node:'1',status:'OK',value:'2',value_type:'INTEGER'},{name:'z_variance',node:'1',status:'OK',value:'0.523167',value_type:'INTEGER'},{name:'LAYER',node:'1',status:'OK',value:'336',value_type:'INTEGER'},{name:'JOB',node:'1',status:'OK',value:'1',value_type:'INTEGER'},{name:'Y',node:'1',status:'OK',value:'420.843',value_type:'INTEGER'},{name:'X',node:'1',status:'OK',value:'304.414',value_type:'INTEGER'}}}"
"65","70",2023-05-23 11:46:29.716,"40.174","74.252",2023-05-23 11:46:29.716,"{ts:1684856789716,param:{{name:'Z',node:'1',status:'OK',value:'0.0055',value_type:'INTEGER'},{name:'MODEL',node:'1',status:'OK',value:'2',value_type:'INTEGER'},{name:'z_variance',node:'1',status:'OK',value:'0.523167',value_type:'INTEGER'},{name:'LAYER',node:'1',status:'OK',value:'336',value_type:'INTEGER'},{name:'JOB',node:'1',status:'OK',value:'1',value_type:'INTEGER'},{name:'Y',node:'1',status:'OK',value:'420.843',value_type:'INTEGER'},{name:'X',node:'1',status:'OK',value:'304.414',value_type:'INTEGER'}}}"
"65","70",2023-05-23 11:46:28.718,"40.174","74.252",2023-05-23 11:46:28.718,"{ts:1684856788718,param:{{name:'z_variance',node:'1',status:'OK',value:'0.52300033',value_type:'INTEGER'},{name:'Z',node:'1',status:'OK',value:'0.00566667',value_type:'INTEGER'},{name:'MODEL',node:'1',status:'OK',value:'2',value_type:'INTEGER'},{name:'LAYER',node:'1',status:'OK',value:'336',value_type:'INTEGER'},{name:'JOB',node:'1',status:'OK',value:'1',value_type:'INTEGER'},{name:'X',node:'1',status:'OK',value:'304.426',value_type:'INTEGER'},{name:'Y',node:'1',status:'OK',value:'420.777',value_type:'INTEGER'}}}"
"65","71",2023-05-23 11:50:57.183,"40.86","70.29",2023-05-23 11:50:57.183,"{ts:1684857057183,param:{{name:'BED_TEMP',node:'1',status:'OK',value:'60',value_type:'INTEGER'},{name:'MATERIAL',node:'1',status:'OK',value:'0',value_type:'INTEGER'},{name:'NOZZLE_TEMP',node:'1',status:'OK',value:'220',value_type:'INTEGER'},{name:'FAN_SPEED',node:'1',status:'OK',value:'0',value_type:'INTEGER'},{name:'INFILL_PATTERN',node:'1',status:'OK',value:'0',value_type:'INTEGER'},{name:'MODEL',node:'1',status:'OK',value:'1',value_type:'INTEGER'},{name:'INFILL_DENSITY',node:'1',status:'OK',value:'40',value_type:'INTEGER'},{name:'ELONGATION',node:'1',status:'OK',value:'1.2000000000000002',value_type:'INTEGER'},{name:'PRINT_SPEED',node:'1',status:'OK',value:'120',value_type:'INTEGER'},{name:'ROUGHNESS',node:'1',status:'OK',value:'120',value_type:'INTEGER'},{name:'JOB',node:'1',status:'OK',value:'1',value_type:'INTEGER'},{name:'TENSION_STRENGTH',node:'1',status:'OK',value:'16',value_type:'INTEGER'},{name:'WALL_THICKNESS',node:'1',status:'OK',value:'1',value_type:'INTEGER'},{name:'LAYER_HEIGHT',node:'1',status:'OK',value:'0.1',value_type:'INTEGER'}}}"
"65","71",2023-05-23 11:50:47.183,"40.86","70.29",2023-05-23 11:50:47.183,"{ts:1684857047183,param:{{name:'FAN_SPEED',node:'1',status:'OK',value:'25',value_type:'INTEGER'},{name:'TENSION_STRENGTH',node:'1',status:'OK',value:'12',value_type:'INTEGER'},{name:'ROUGHNESS',node:'1',status:'OK',value:'92',value_type:'INTEGER'},{name:'LAYER_HEIGHT',node:'1',status:'OK',value:'0.06',value_type:'INTEGER'},{name:'BED_TEMP',node:'1',status:'OK',value:'65',value_type:'INTEGER'},{name:'NOZZLE_TEMP',node:'1',status:'OK',value:'225',value_type:'INTEGER'},{name:'MATERIAL',node:'1',status:'OK',value:'0',value_type:'INTEGER'},{name:'INFILL_PATTERN',node:'1',status:'OK',value:'1',value_type:'INTEGER'},{name:'MODEL',node:'1',status:'OK',value:'1',value_type:'INTEGER'},{name:'JOB',node:'1',status:'OK',value:'1',value_type:'INTEGER'},{name:'PRINT_SPEED',node:'1',status:'OK',value:'60',value_type:'INTEGER'},{name:'WALL_THICKNESS',node:'1',status:'OK',value:'2',value_type:'INTEGER'},{name:'INFILL_DENSITY',node:'1',status:'OK',value:'20',value_type:'INTEGER'},{name:'ELONGATION',node:'1',status:'OK',value:'1.4000000000000001',value_type:'INTEGER'}}}"
"65","71",2023-05-23 11:50:37.182,"40.86","70.29",2023-05-23 11:50:37.182,"{ts:1684857037182,param:{{name:'BED_TEMP',node:'1',status:'OK',value:'70',value_type:'INTEGER'},{name:'LAYER_HEIGHT',node:'1',status:'OK',value:'0.02',value_type:'INTEGER'},{name:'ROUGHNESS',node:'1',status:'OK',value:'40',value_type:'INTEGER'},{name:'NOZZLE_TEMP',node:'1',status:'OK',value:'230',value_type:'INTEGER'},{name:'TENSION_STRENGTH',node:'1',status:'OK',value:'8',value_type:'INTEGER'},{name:'MATERIAL',node:'1',status:'OK',value:'0',value_type:'INTEGER'},{name:'ELONGATION',node:'1',status:'OK',value:'0.8',value_type:'INTEGER'},{name:'INFILL_DENSITY',node:'1',status:'OK',value:'80',value_type:'INTEGER'},{name:'INFILL_PATTERN',node:'1',status:'OK',value:'0',value_type:'INTEGER'},{name:'MODEL',node:'1',status:'OK',value:'1',value_type:'INTEGER'},{name:'JOB',node:'1',status:'OK',value:'1',value_type:'INTEGER'},{name:'WALL_THICKNESS',node:'1',status:'OK',value:'1',value_type:'INTEGER'},{name:'PRINT_SPEED',node:'1',status:'OK',value:'40',value_type:'INTEGER'},{name:'FAN_SPEED',node:'1',status:'OK',value:'50',value_type:'INTEGER'}}}"
"65","71",2023-05-23 11:50:27.183,"40.86","70.29",2023-05-23 11:50:27.183,"{ts:1684857027183,param:{{name:'BED_TEMP',node:'1',status:'OK',value:'75',value_type:'INTEGER'},{name:'WALL_THICKNESS',node:'1',status:'OK',value:'6',value_type:'INTEGER'},{name:'NOZZLE_TEMP',node:'1',status:'OK',value:'240',value_type:'INTEGER'},{name:'MATERIAL',node:'1',status:'OK',value:'0',value_type:'INTEGER'},{name:'INFILL_PATTERN',node:'1',status:'OK',value:'1',value_type:'INTEGER'},{name:'ELONGATION',node:'1',status:'OK',value:'1.6',value_type:'INTEGER'},{name:'INFILL_DENSITY',node:'1',status:'OK',value:'90',value_type:'INTEGER'},{name:'MODEL',node:'1',status:'OK',value:'1',value_type:'INTEGER'},{name:'ROUGHNESS',node:'1',status:'OK',value:'360',value_type:'INTEGER'},{name:'JOB',node:'1',status:'OK',value:'1',value_type:'INTEGER'},{name:'TENSION_STRENGTH',node:'1',status:'OK',value:'28',value_type:'INTEGER'},{name:'PRINT_SPEED',node:'1',status:'OK',value:'40',value_type:'INTEGER'},{name:'FAN_SPEED',node:'1',status:'OK',value:'75',value_type:'INTEGER'},{name:'LAYER_HEIGHT',node:'1',status:'OK',value:'0.2',value_type:'INTEGER'}}}"
"65","71",2023-05-23 11:50:17.183,"40.86","70.29",2023-05-23 11:50:17.183,"{ts:1684857017183,param:{{name:'BED_TEMP',node:'1',status:'OK',value:'80',value_type:'INTEGER'},{name:'TENSION_STRENGTH',node:'1',status:'OK',value:'13',value_type:'INTEGER'},{name:'WALL_THICKNESS',node:'1',status:'OK',value:'7',value_type:'INTEGER'},{name:'ROUGHNESS',node:'1',status:'OK',value:'326',value_type:'INTEGER'},{name:'LAYER_HEIGHT',node:'1',status:'OK',value:'0.15',value_type:'INTEGER'},{name:'MATERIAL',node:'1',status:'OK',value:'0',value_type:'INTEGER'},{name:'INFILL_DENSITY',node:'1',status:'OK',value:'80',value_type:'INTEGER'},{name:'INFILL_PATTERN',node:'1',status:'OK',value:'0',value_type:'INTEGER'},{name:'NOZZLE_TEMP',node:'1',status:'OK',value:'250',value_type:'INTEGER'},{name:'MODEL',node:'1',status:'OK',value:'1',value_type:'INTEGER'},{name:'ELONGATION',node:'1',status:'OK',value:'0.7000000000000001',value_type:'INTEGER'},{name:'JOB',node:'1',status:'OK',value:'1',value_type:'INTEGER'},{name:'PRINT_SPEED',node:'1',status:'OK',value:'60',value_type:'INTEGER'},{name:'FAN_SPEED',node:'1',status:'OK',value:'100',value_type:'INTEGER'}}}"
"65","71",2023-05-23 11:50:07.183,"40.86","70.29",2023-05-23 11:50:07.183,"{ts:1684857007183,param:{{name:'BED_TEMP',node:'1',status:'OK',value:'80',value_type:'INTEGER'},{name:'ROUGHNESS',node:'1',status:'OK',value:'368',value_type:'INTEGER'},{name:'ELONGATION',node:'1',status:'OK',value:'0.4',value_type:'INTEGER'},{name:'TENSION_STRENGTH',node:'1',status:'OK',value:'8',value_type:'INTEGER'},{name:'MATERIAL',node:'1',status:'OK',value:'0',value_type:'INTEGER'},{name:'INFILL_PATTERN',node:'1',status:'OK',value:'0',value_type:'INTEGER'},{name:'NOZZLE_TEMP',node:'1',status:'OK',value:'250',value_type:'INTEGER'},{name:'MODEL',node:'1',status:'OK',value:'1',value_type:'INTEGER'},{name:'PRINT_SPEED',node:'1',status:'OK',value:'120',value_type:'INTEGER'},{name:'JOB',node:'1',status:'OK',value:'1',value_type:'INTEGER'},{name:'INFILL_DENSITY',node:'1',status:'OK',value:'60',value_type:'INTEGER'},{name:'WALL_THICKNESS',node:'1',status:'OK',value:'2',value_type:'INTEGER'},{name:'FAN_SPEED',node:'1',status:'OK',value:'100',value_type:'INTEGER'},{name:'LAYER_HEIGHT',node:'1',status:'OK',value:'0.1',value_type:'INTEGER'}}}"
"65","71",2023-05-23 11:49:57.185,"40.86","70.29",2023-05-23 11:49:57.185,"{ts:1684856997185,param:{{name:'BED_TEMP',node:'1',status:'OK',value:'60',value_type:'INTEGER'},{name:'LAYER_HEIGHT',node:'1',status:'OK',value:'0.06',value_type:'INTEGER'},{name:'NOZZLE_TEMP',node:'1',status:'OK',value:'200',value_type:'INTEGER'},{name:'ROUGHNESS',node:'1',status:'OK',value:'126',value_type:'INTEGER'},{name:'ELONGATION',node:'1',status:'OK',value:'2.2',value_type:'INTEGER'},{name:'MATERIAL',node:'1',status:'OK',value:'1',value_type:'INTEGER'},{name:'WALL_THICKNESS',node:'1',status:'OK',value:'10',value_type:'INTEGER'},{name:'INFILL_PATTERN',node:'1',status:'OK',value:'1',value_type:'INTEGER'},{name:'FAN_SPEED',node:'1',status:'OK',value:'0',value_type:'INTEGER'},{name:'INFILL_DENSITY',node:'1',status:'OK',value:'90',value_type:'INTEGER'},{name:'MODEL',node:'1',status:'OK',value:'1',value_type:'INTEGER'},{name:'JOB',node:'1',status:'OK',value:'1',value_type:'INTEGER'},{name:'TENSION_STRENGTH',node:'1',status:'OK',value:'27',value_type:'INTEGER'},{name:'PRINT_SPEED',node:'1',status:'OK',value:'60',value_type:'INTEGER'}}}"
"65","71",2023-05-23 11:49:47.182,"40.86","70.29",2023-05-23 11:49:47.182,"{ts:1684856987182,param:{{name:'FAN_SPEED',node:'1',status:'OK',value:'25',value_type:'INTEGER'},{name:'NOZZLE_TEMP',node:'1',status:'OK',value:'205',value_type:'INTEGER'},{name:'WALL_THICKNESS',node:'1',status:'OK',value:'5',value_type:'INTEGER'},{name:'TENSION_STRENGTH',node:'1',status:'OK',value:'12',value_type:'INTEGER'},{name:'LAYER_HEIGHT',node:'1',status:'OK',value:'0.02',value_type:'INTEGER'},{name:'BED_TEMP',node:'1',status:'OK',value:'65',value_type:'INTEGER'},{name:'ROUGHNESS',node:'1',status:'OK',value:'55',value_type:'INTEGER'},{name:'ELONGATION',node:'1',status:'OK',value:'1.3',value_type:'INTEGER'},{name:'MATERIAL',node:'1',status:'OK',value:'1',value_type:'INTEGER'},{name:'INFILL_PATTERN',node:'1',status:'OK',value:'0',value_type:'INTEGER'},{name:'MODEL',node:'1',status:'OK',value:'1',value_type:'INTEGER'},{name:'JOB',node:'1',status:'OK',value:'1',value_type:'INTEGER'},{name:'INFILL_DENSITY',node:'1',status:'OK',value:'10',value_type:'INTEGER'},{name:'PRINT_SPEED',node:'1',status:'OK',value:'40',value_type:'INTEGER'}}}"
"65","71",2023-05-23 11:49:37.183,"40.86","70.29",2023-05-23 11:49:37.183,"{ts:1684856977183,param:{{name:'TENSION_STRENGTH',node:'1',status:'OK',value:'30',value_type:'INTEGER'},{name:'BED_TEMP',node:'1',status:'OK',value:'70',value_type:'INTEGER'},{name:'WALL_THICKNESS',node:'1',status:'OK',value:'5',value_type:'INTEGER'},{name:'NOZZLE_TEMP',node:'1',status:'OK',value:'210',value_type:'INTEGER'},{name:'ELONGATION',node:'1',status:'OK',value:'3.2',value_type:'INTEGER'},{name:'MATERIAL',node:'1',status:'OK',value:'1',value_type:'INTEGER'},{name:'INFILL_PATTERN',node:'1',status:'OK',value:'1',value_type:'INTEGER'},{name:'MODEL',node:'1',status:'OK',value:'1',value_type:'INTEGER'},{name:'ROUGHNESS',node:'1',status:'OK',value:'278',value_type:'INTEGER'},{name:'JOB',node:'1',status:'OK',value:'1',value_type:'INTEGER'},{name:'INFILL_DENSITY',node:'1',status:'OK',value:'60',value_type:'INTEGER'},{name:'PRINT_SPEED',node:'1',status:'OK',value:'40',value_type:'INTEGER'},{name:'FAN_SPEED',node:'1',status:'OK',value:'50',value_type:'INTEGER'},{name:'LAYER_HEIGHT',node:'1',status:'OK',value:'0.2',value_type:'INTEGER'}}}"
"65","71",2023-05-23 11:49:27.183,"40.86","70.29",2023-05-23 11:49:27.183,"{ts:1684856967183,param:{{name:'NOZZLE_TEMP',node:'1',status:'OK',value:'215',value_type:'INTEGER'},{name:'BED_TEMP',node:'1',status:'OK',value:'75',value_type:'INTEGER'},{name:'WALL_THICKNESS',node:'1',status:'OK',value:'6',value_type:'INTEGER'},{name:'TENSION_STRENGTH',node:'1',status:'OK',value:'22',value_type:'INTEGER'},{name:'LAYER_HEIGHT',node:'1',status:'OK',value:'0.15',value_type:'INTEGER'},{name:'MATERIAL',node:'1',status:'OK',value:'1',value_type:'INTEGER'},{name:'INFILL_PATTERN',node:'1',status:'OK',value:'0',value_type:'INTEGER'},{name:'MODEL',node:'1',status:'OK',value:'1',value_type:'INTEGER'},{name:'INFILL_DENSITY',node:'1',status:'OK',value:'40',value_type:'INTEGER'},{name:'JOB',node:'1',status:'OK',value:'1',value_type:'INTEGER'},{name:'PRINT_SPEED',node:'1',status:'OK',value:'60',value_type:'INTEGER'},{name:'ROUGHNESS',node:'1',status:'OK',value:'172',value_type:'INTEGER'},{name:'FAN_SPEED',node:'1',status:'OK',value:'75',value_type:'INTEGER'},{name:'ELONGATION',node:'1',status:'OK',value:'2.3000000000000003',value_type:'INTEGER'}}}"
"65","71",2023-05-23 11:49:17.183,"40.86","70.29",2023-05-23 11:49:17.183,"{ts:1684856957183,param:{{name:'BED_TEMP',node:'1',status:'OK',value:'80',value_type:'INTEGER'},{name:'MATERIAL',node:'1',status:'OK',value:'1',value_type:'INTEGER'},{name:'ELONGATION',node:'1',status:'OK',value:'1.5',value_type:'INTEGER'},{name:'NOZZLE_TEMP',node:'1',status:'OK',value:'220',value_type:'INTEGER'},{name:'INFILL_PATTERN',node:'1',status:'OK',value:'1',value_type:'INTEGER'},{name:'MODEL',node:'1',status:'OK',value:'1',value_type:'INTEGER'},{name:'INFILL_DENSITY',node:'1',status:'OK',value:'30',value_type:'INTEGER'},{name:'PRINT_SPEED',node:'1',status:'OK',value:'120',value_type:'INTEGER'},{name:'JOB',node:'1',status:'OK',value:'1',value_type:'INTEGER'},{name:'ROUGHNESS',node:'1',status:'OK',value:'121',value_type:'INTEGER'},{name:'WALL_THICKNESS',node:'1',status:'OK',value:'1',value_type:'INTEGER'},{name:'TENSION_STRENGTH',node:'1',status:'OK',value:'14',value_type:'INTEGER'},{name:'FAN_SPEED',node:'1',status:'OK',value:'100',value_type:'INTEGER'},{name:'LAYER_HEIGHT',node:'1',status:'OK',value:'0.1',value_type:'INTEGER'}}}"
"65","71",2023-05-23 11:49:07.183,"40.86","70.29",2023-05-23 11:49:07.183,"{ts:1684856947183,param:{{name:'BED_TEMP',node:'1',status:'OK',value:'60',value_type:'INTEGER'},{name:'MATERIAL',node:'1',status:'OK',value:'0',value_type:'INTEGER'},{name:'NOZZLE_TEMP',node:'1',status:'OK',value:'220',value_type:'INTEGER'},{name:'FAN_SPEED',node:'1',status:'OK',value:'0',value_type:'INTEGER'},{name:'INFILL_PATTERN',node:'1',status:'OK',value:'0',value_type:'INTEGER'},{name:'MODEL',node:'1',status:'OK',value:'1',value_type:'INTEGER'},{name:'INFILL_DENSITY',node:'1',status:'OK',value:'40',value_type:'INTEGER'},{name:'ELONGATION',node:'1',status:'OK',value:'1.2000000000000002',value_type:'INTEGER'},{name:'PRINT_SPEED',node:'1',status:'OK',value:'120',value_type:'INTEGER'},{name:'ROUGHNESS',node:'1',status:'OK',value:'120',value_type:'INTEGER'},{name:'JOB',node:'1',status:'OK',value:'1',value_type:'INTEGER'},{name:'TENSION_STRENGTH',node:'1',status:'OK',value:'16',value_type:'INTEGER'},{name:'WALL_THICKNESS',node:'1',status:'OK',value:'1',value_type:'INTEGER'},{name:'LAYER_HEIGHT',node:'1',status:'OK',value:'0.1',value_type:'INTEGER'}}}"
"65","71",2023-05-23 11:48:57.183,"40.86","70.29",2023-05-23 11:48:57.183,"{ts:1684856937183,param:{{name:'FAN_SPEED',node:'1',status:'OK',value:'25',value_type:'INTEGER'},{name:'TENSION_STRENGTH',node:'1',status:'OK',value:'12',value_type:'INTEGER'},{name:'ROUGHNESS',node:'1',status:'OK',value:'92',value_type:'INTEGER'},{name:'LAYER_HEIGHT',node:'1',status:'OK',value:'0.06',value_type:'INTEGER'},{name:'BED_TEMP',node:'1',status:'OK',value:'65',value_type:'INTEGER'},{name:'NOZZLE_TEMP',node:'1',status:'OK',value:'225',value_type:'INTEGER'},{name:'MATERIAL',node:'1',status:'OK',value:'0',value_type:'INTEGER'},{name:'INFILL_PATTERN',node:'1',status:'OK',value:'1',value_type:'INTEGER'},{name:'MODEL',node:'1',status:'OK',value:'1',value_type:'INTEGER'},{name:'JOB',node:'1',status:'OK',value:'1',value_type:'INTEGER'},{name:'PRINT_SPEED',node:'1',status:'OK',value:'60',value_type:'INTEGER'},{name:'WALL_THICKNESS',node:'1',status:'OK',value:'2',value_type:'INTEGER'},{name:'INFILL_DENSITY',node:'1',status:'OK',value:'20',value_type:'INTEGER'},{name:'ELONGATION',node:'1',status:'OK',value:'1.4000000000000001',value_type:'INTEGER'}}}"
"65","71",2023-05-23 11:48:47.184,"40.86","70.29",2023-05-23 11:48:47.184,"{ts:1684856927184,param:{{name:'BED_TEMP',node:'1',status:'OK',value:'70',value_type:'INTEGER'},{name:'LAYER_HEIGHT',node:'1',status:'OK',value:'0.02',value_type:'INTEGER'},{name:'ROUGHNESS',node:'1',status:'OK',value:'40',value_type:'INTEGER'},{name:'NOZZLE_TEMP',node:'1',status:'OK',value:'230',value_type:'INTEGER'},{name:'TENSION_STRENGTH',node:'1',status:'OK',value:'8',value_type:'INTEGER'},{name:'MATERIAL',node:'1',status:'OK',value:'0',value_type:'INTEGER'},{name:'ELONGATION',node:'1',status:'OK',value:'0.8',value_type:'INTEGER'},{name:'INFILL_DENSITY',node:'1',status:'OK',value:'80',value_type:'INTEGER'},{name:'INFILL_PATTERN',node:'1',status:'OK',value:'0',value_type:'INTEGER'},{name:'MODEL',node:'1',status:'OK',value:'1',value_type:'INTEGER'},{name:'JOB',node:'1',status:'OK',value:'1',value_type:'INTEGER'},{name:'WALL_THICKNESS',node:'1',status:'OK',value:'1',value_type:'INTEGER'},{name:'PRINT_SPEED',node:'1',status:'OK',value:'40',value_type:'INTEGER'},{name:'FAN_SPEED',node:'1',status:'OK',value:'50',value_type:'INTEGER'}}}"
"65","71",2023-05-23 11:48:37.183,"40.86","70.29",2023-05-23 11:48:37.183,"{ts:1684856917183,param:{{name:'BED_TEMP',node:'1',status:'OK',value:'75',value_type:'INTEGER'},{name:'WALL_THICKNESS',node:'1',status:'OK',value:'6',value_type:'INTEGER'},{name:'NOZZLE_TEMP',node:'1',status:'OK',value:'240',value_type:'INTEGER'},{name:'MATERIAL',node:'1',status:'OK',value:'0',value_type:'INTEGER'},{name:'INFILL_PATTERN',node:'1',status:'OK',value:'1',value_type:'INTEGER'},{name:'ELONGATION',node:'1',status:'OK',value:'1.6',value_type:'INTEGER'},{name:'INFILL_DENSITY',node:'1',status:'OK',value:'90',value_type:'INTEGER'},{name:'MODEL',node:'1',status:'OK',value:'1',value_type:'INTEGER'},{name:'ROUGHNESS',node:'1',status:'OK',value:'360',value_type:'INTEGER'},{name:'JOB',node:'1',status:'OK',value:'1',value_type:'INTEGER'},{name:'TENSION_STRENGTH',node:'1',status:'OK',value:'28',value_type:'INTEGER'},{name:'PRINT_SPEED',node:'1',status:'OK',value:'40',value_type:'INTEGER'},{name:'FAN_SPEED',node:'1',status:'OK',value:'75',value_type:'INTEGER'},{name:'LAYER_HEIGHT',node:'1',status:'OK',value:'0.2',value_type:'INTEGER'}}}"
"65","71",2023-05-23 11:48:27.183,"40.86","70.29",2023-05-23 11:48:27.183,"{ts:1684856907183,param:{{name:'BED_TEMP',node:'1',status:'OK',value:'80',value_type:'INTEGER'},{name:'TENSION_STRENGTH',node:'1',status:'OK',value:'13',value_type:'INTEGER'},{name:'WALL_THICKNESS',node:'1',status:'OK',value:'7',value_type:'INTEGER'},{name:'ROUGHNESS',node:'1',status:'OK',value:'326',value_type:'INTEGER'},{name:'LAYER_HEIGHT',node:'1',status:'OK',value:'0.15',value_type:'INTEGER'},{name:'MATERIAL',node:'1',status:'OK',value:'0',value_type:'INTEGER'},{name:'INFILL_DENSITY',node:'1',status:'OK',value:'80',value_type:'INTEGER'},{name:'INFILL_PATTERN',node:'1',status:'OK',value:'0',value_type:'INTEGER'},{name:'NOZZLE_TEMP',node:'1',status:'OK',value:'250',value_type:'INTEGER'},{name:'MODEL',node:'1',status:'OK',value:'1',value_type:'INTEGER'},{name:'ELONGATION',node:'1',status:'OK',value:'0.7000000000000001',value_type:'INTEGER'},{name:'JOB',node:'1',status:'OK',value:'1',value_type:'INTEGER'},{name:'PRINT_SPEED',node:'1',status:'OK',value:'60',value_type:'INTEGER'},{name:'FAN_SPEED',node:'1',status:'OK',value:'100',value_type:'INTEGER'}}}"
"65","71",2023-05-23 11:48:17.184,"40.86","70.29",2023-05-23 11:48:17.184,"{ts:1684856897184,param:{{name:'BED_TEMP',node:'1',status:'OK',value:'80',value_type:'INTEGER'},{name:'ROUGHNESS',node:'1',status:'OK',value:'368',value_type:'INTEGER'},{name:'ELONGATION',node:'1',status:'OK',value:'0.4',value_type:'INTEGER'},{name:'TENSION_STRENGTH',node:'1',status:'OK',value:'8',value_type:'INTEGER'},{name:'MATERIAL',node:'1',status:'OK',value:'0',value_type:'INTEGER'},{name:'INFILL_PATTERN',node:'1',status:'OK',value:'0',value_type:'INTEGER'},{name:'NOZZLE_TEMP',node:'1',status:'OK',value:'250',value_type:'INTEGER'},{name:'MODEL',node:'1',status:'OK',value:'1',value_type:'INTEGER'},{name:'PRINT_SPEED',node:'1',status:'OK',value:'120',value_type:'INTEGER'},{name:'JOB',node:'1',status:'OK',value:'1',value_type:'INTEGER'},{name:'INFILL_DENSITY',node:'1',status:'OK',value:'60',value_type:'INTEGER'},{name:'WALL_THICKNESS',node:'1',status:'OK',value:'2',value_type:'INTEGER'},{name:'FAN_SPEED',node:'1',status:'OK',value:'100',value_type:'INTEGER'},{name:'LAYER_HEIGHT',node:'1',status:'OK',value:'0.1',value_type:'INTEGER'}}}"
"65","71",2023-05-23 11:48:07.183,"40.86","70.29",2023-05-23 11:48:07.183,"{ts:1684856887183,param:{{name:'BED_TEMP',node:'1',status:'OK',value:'60',value_type:'INTEGER'},{name:'LAYER_HEIGHT',node:'1',status:'OK',value:'0.06',value_type:'INTEGER'},{name:'NOZZLE_TEMP',node:'1',status:'OK',value:'200',value_type:'INTEGER'},{name:'ROUGHNESS',node:'1',status:'OK',value:'126',value_type:'INTEGER'},{name:'ELONGATION',node:'1',status:'OK',value:'2.2',value_type:'INTEGER'},{name:'MATERIAL',node:'1',status:'OK',value:'1',value_type:'INTEGER'},{name:'WALL_THICKNESS',node:'1',status:'OK',value:'10',value_type:'INTEGER'},{name:'INFILL_PATTERN',node:'1',status:'OK',value:'1',value_type:'INTEGER'},{name:'FAN_SPEED',node:'1',status:'OK',value:'0',value_type:'INTEGER'},{name:'INFILL_DENSITY',node:'1',status:'OK',value:'90',value_type:'INTEGER'},{name:'MODEL',node:'1',status:'OK',value:'1',value_type:'INTEGER'},{name:'JOB',node:'1',status:'OK',value:'1',value_type:'INTEGER'},{name:'TENSION_STRENGTH',node:'1',status:'OK',value:'27',value_type:'INTEGER'},{name:'PRINT_SPEED',node:'1',status:'OK',value:'60',value_type:'INTEGER'}}}"
"65","71",2023-05-23 11:47:57.184,"40.86","70.29",2023-05-23 11:47:57.184,"{ts:1684856877184,param:{{name:'FAN_SPEED',node:'1',status:'OK',value:'25',value_type:'INTEGER'},{name:'NOZZLE_TEMP',node:'1',status:'OK',value:'205',value_type:'INTEGER'},{name:'WALL_THICKNESS',node:'1',status:'OK',value:'5',value_type:'INTEGER'},{name:'TENSION_STRENGTH',node:'1',status:'OK',value:'12',value_type:'INTEGER'},{name:'LAYER_HEIGHT',node:'1',status:'OK',value:'0.02',value_type:'INTEGER'},{name:'BED_TEMP',node:'1',status:'OK',value:'65',value_type:'INTEGER'},{name:'ROUGHNESS',node:'1',status:'OK',value:'55',value_type:'INTEGER'},{name:'ELONGATION',node:'1',status:'OK',value:'1.3',value_type:'INTEGER'},{name:'MATERIAL',node:'1',status:'OK',value:'1',value_type:'INTEGER'},{name:'INFILL_PATTERN',node:'1',status:'OK',value:'0',value_type:'INTEGER'},{name:'MODEL',node:'1',status:'OK',value:'1',value_type:'INTEGER'},{name:'JOB',node:'1',status:'OK',value:'1',value_type:'INTEGER'},{name:'INFILL_DENSITY',node:'1',status:'OK',value:'10',value_type:'INTEGER'},{name:'PRINT_SPEED',node:'1',status:'OK',value:'40',value_type:'INTEGER'}}}"
"65","71",2023-05-23 11:47:47.183,"40.86","70.29",2023-05-23 11:47:47.183,"{ts:1684856867183,param:{{name:'TENSION_STRENGTH',node:'1',status:'OK',value:'30',value_type:'INTEGER'},{name:'BED_TEMP',node:'1',status:'OK',value:'70',value_type:'INTEGER'},{name:'WALL_THICKNESS',node:'1',status:'OK',value:'5',value_type:'INTEGER'},{name:'NOZZLE_TEMP',node:'1',status:'OK',value:'210',value_type:'INTEGER'},{name:'ELONGATION',node:'1',status:'OK',value:'3.2',value_type:'INTEGER'},{name:'MATERIAL',node:'1',status:'OK',value:'1',value_type:'INTEGER'},{name:'INFILL_PATTERN',node:'1',status:'OK',value:'1',value_type:'INTEGER'},{name:'MODEL',node:'1',status:'OK',value:'1',value_type:'INTEGER'},{name:'ROUGHNESS',node:'1',status:'OK',value:'278',value_type:'INTEGER'},{name:'JOB',node:'1',status:'OK',value:'1',value_type:'INTEGER'},{name:'INFILL_DENSITY',node:'1',status:'OK',value:'60',value_type:'INTEGER'},{name:'PRINT_SPEED',node:'1',status:'OK',value:'40',value_type:'INTEGER'},{name:'FAN_SPEED',node:'1',status:'OK',value:'50',value_type:'INTEGER'},{name:'LAYER_HEIGHT',node:'1',status:'OK',value:'0.2',value_type:'INTEGER'}}}"
"65","71",2023-05-23 11:47:37.183,"40.86","70.29",2023-05-23 11:47:37.183,"{ts:1684856857183,param:{{name:'NOZZLE_TEMP',node:'1',status:'OK',value:'215',value_type:'INTEGER'},{name:'BED_TEMP',node:'1',status:'OK',value:'75',value_type:'INTEGER'},{name:'WALL_THICKNESS',node:'1',status:'OK',value:'6',value_type:'INTEGER'},{name:'TENSION_STRENGTH',node:'1',status:'OK',value:'22',value_type:'INTEGER'},{name:'LAYER_HEIGHT',node:'1',status:'OK',value:'0.15',value_type:'INTEGER'},{name:'MATERIAL',node:'1',status:'OK',value:'1',value_type:'INTEGER'},{name:'INFILL_PATTERN',node:'1',status:'OK',value:'0',value_type:'INTEGER'},{name:'MODEL',node:'1',status:'OK',value:'1',value_type:'INTEGER'},{name:'INFILL_DENSITY',node:'1',status:'OK',value:'40',value_type:'INTEGER'},{name:'JOB',node:'1',status:'OK',value:'1',value_type:'INTEGER'},{name:'PRINT_SPEED',node:'1',status:'OK',value:'60',value_type:'INTEGER'},{name:'ROUGHNESS',node:'1',status:'OK',value:'172',value_type:'INTEGER'},{name:'FAN_SPEED',node:'1',status:'OK',value:'75',value_type:'INTEGER'},{name:'ELONGATION',node:'1',status:'OK',value:'2.3000000000000003',value_type:'INTEGER'}}}"
"65","71",2023-05-23 11:47:27.183,"40.86","70.29",2023-05-23 11:47:27.183,"{ts:1684856847183,param:{{name:'BED_TEMP',node:'1',status:'OK',value:'80',value_type:'INTEGER'},{name:'MATERIAL',node:'1',status:'OK',value:'1',value_type:'INTEGER'},{name:'ELONGATION',node:'1',status:'OK',value:'1.5',value_type:'INTEGER'},{name:'NOZZLE_TEMP',node:'1',status:'OK',value:'220',value_type:'INTEGER'},{name:'INFILL_PATTERN',node:'1',status:'OK',value:'1',value_type:'INTEGER'},{name:'MODEL',node:'1',status:'OK',value:'1',value_type:'INTEGER'},{name:'INFILL_DENSITY',node:'1',status:'OK',value:'30',value_type:'INTEGER'},{name:'PRINT_SPEED',node:'1',status:'OK',value:'120',value_type:'INTEGER'},{name:'JOB',node:'1',status:'OK',value:'1',value_type:'INTEGER'},{name:'ROUGHNESS',node:'1',status:'OK',value:'121',value_type:'INTEGER'},{name:'WALL_THICKNESS',node:'1',status:'OK',value:'1',value_type:'INTEGER'},{name:'TENSION_STRENGTH',node:'1',status:'OK',value:'14',value_type:'INTEGER'},{name:'FAN_SPEED',node:'1',status:'OK',value:'100',value_type:'INTEGER'},{name:'LAYER_HEIGHT',node:'1',status:'OK',value:'0.1',value_type:'INTEGER'}}}"
"65","71",2023-05-23 11:47:17.184,"40.86","70.29",2023-05-23 11:47:17.184,"{ts:1684856837184,param:{{name:'BED_TEMP',node:'1',status:'OK',value:'60',value_type:'INTEGER'},{name:'MATERIAL',node:'1',status:'OK',value:'0',value_type:'INTEGER'},{name:'NOZZLE_TEMP',node:'1',status:'OK',value:'220',value_type:'INTEGER'},{name:'FAN_SPEED',node:'1',status:'OK',value:'0',value_type:'INTEGER'},{name:'INFILL_PATTERN',node:'1',status:'OK',value:'0',value_type:'INTEGER'},{name:'MODEL',node:'1',status:'OK',value:'1',value_type:'INTEGER'},{name:'INFILL_DENSITY',node:'1',status:'OK',value:'40',value_type:'INTEGER'},{name:'ELONGATION',node:'1',status:'OK',value:'1.2000000000000002',value_type:'INTEGER'},{name:'PRINT_SPEED',node:'1',status:'OK',value:'120',value_type:'INTEGER'},{name:'ROUGHNESS',node:'1',status:'OK',value:'120',value_type:'INTEGER'},{name:'JOB',node:'1',status:'OK',value:'1',value_type:'INTEGER'},{name:'TENSION_STRENGTH',node:'1',status:'OK',value:'16',value_type:'INTEGER'},{name:'WALL_THICKNESS',node:'1',status:'OK',value:'1',value_type:'INTEGER'},{name:'LAYER_HEIGHT',node:'1',status:'OK',value:'0.1',value_type:'INTEGER'}}}"
"65","71",2023-05-23 11:47:07.183,"40.86","70.29",2023-05-23 11:47:07.183,"{ts:1684856827183,param:{{name:'FAN_SPEED',node:'1',status:'OK',value:'25',value_type:'INTEGER'},{name:'TENSION_STRENGTH',node:'1',status:'OK',value:'12',value_type:'INTEGER'},{name:'ROUGHNESS',node:'1',status:'OK',value:'92',value_type:'INTEGER'},{name:'LAYER_HEIGHT',node:'1',status:'OK',value:'0.06',value_type:'INTEGER'},{name:'BED_TEMP',node:'1',status:'OK',value:'65',value_type:'INTEGER'},{name:'NOZZLE_TEMP',node:'1',status:'OK',value:'225',value_type:'INTEGER'},{name:'MATERIAL',node:'1',status:'OK',value:'0',value_type:'INTEGER'},{name:'INFILL_PATTERN',node:'1',status:'OK',value:'1',value_type:'INTEGER'},{name:'MODEL',node:'1',status:'OK',value:'1',value_type:'INTEGER'},{name:'JOB',node:'1',status:'OK',value:'1',value_type:'INTEGER'},{name:'PRINT_SPEED',node:'1',status:'OK',value:'60',value_type:'INTEGER'},{name:'WALL_THICKNESS',node:'1',status:'OK',value:'2',value_type:'INTEGER'},{name:'INFILL_DENSITY',node:'1',status:'OK',value:'20',value_type:'INTEGER'},{name:'ELONGATION',node:'1',status:'OK',value:'1.4000000000000001',value_type:'INTEGER'}}}"
"65","71",2023-05-23 11:46:57.182,"40.86","70.29",2023-05-23 11:46:57.182,"{ts:1684856817182,param:{{name:'BED_TEMP',node:'1',status:'OK',value:'70',value_type:'INTEGER'},{name:'LAYER_HEIGHT',node:'1',status:'OK',value:'0.02',value_type:'INTEGER'},{name:'ROUGHNESS',node:'1',status:'OK',value:'40',value_type:'INTEGER'},{name:'NOZZLE_TEMP',node:'1',status:'OK',value:'230',value_type:'INTEGER'},{name:'TENSION_STRENGTH',node:'1',status:'OK',value:'8',value_type:'INTEGER'},{name:'MATERIAL',node:'1',status:'OK',value:'0',value_type:'INTEGER'},{name:'ELONGATION',node:'1',status:'OK',value:'0.8',value_type:'INTEGER'},{name:'INFILL_DENSITY',node:'1',status:'OK',value:'80',value_type:'INTEGER'},{name:'INFILL_PATTERN',node:'1',status:'OK',value:'0',value_type:'INTEGER'},{name:'MODEL',node:'1',status:'OK',value:'1',value_type:'INTEGER'},{name:'JOB',node:'1',status:'OK',value:'1',value_type:'INTEGER'},{name:'WALL_THICKNESS',node:'1',status:'OK',value:'1',value_type:'INTEGER'},{name:'PRINT_SPEED',node:'1',status:'OK',value:'40',value_type:'INTEGER'},{name:'FAN_SPEED',node:'1',status:'OK',value:'50',value_type:'INTEGER'}}}"
"65","71",2023-05-23 11:46:47.182,"40.86","70.29",2023-05-23 11:46:47.182,"{ts:1684856807182,param:{{name:'BED_TEMP',node:'1',status:'OK',value:'75',value_type:'INTEGER'},{name:'WALL_THICKNESS',node:'1',status:'OK',value:'6',value_type:'INTEGER'},{name:'NOZZLE_TEMP',node:'1',status:'OK',value:'240',value_type:'INTEGER'},{name:'MATERIAL',node:'1',status:'OK',value:'0',value_type:'INTEGER'},{name:'INFILL_PATTERN',node:'1',status:'OK',value:'1',value_type:'INTEGER'},{name:'ELONGATION',node:'1',status:'OK',value:'1.6',value_type:'INTEGER'},{name:'INFILL_DENSITY',node:'1',status:'OK',value:'90',value_type:'INTEGER'},{name:'MODEL',node:'1',status:'OK',value:'1',value_type:'INTEGER'},{name:'ROUGHNESS',node:'1',status:'OK',value:'360',value_type:'INTEGER'},{name:'JOB',node:'1',status:'OK',value:'1',value_type:'INTEGER'},{name:'TENSION_STRENGTH',node:'1',status:'OK',value:'28',value_type:'INTEGER'},{name:'PRINT_SPEED',node:'1',status:'OK',value:'40',value_type:'INTEGER'},{name:'FAN_SPEED',node:'1',status:'OK',value:'75',value_type:'INTEGER'},{name:'LAYER_HEIGHT',node:'1',status:'OK',value:'0.2',value_type:'INTEGER'}}}"
"65","71",2023-05-23 11:46:37.182,"40.86","70.29",2023-05-23 11:46:37.182,"{ts:1684856797182,param:{{name:'BED_TEMP',node:'1',status:'OK',value:'80',value_type:'INTEGER'},{name:'TENSION_STRENGTH',node:'1',status:'OK',value:'13',value_type:'INTEGER'},{name:'WALL_THICKNESS',node:'1',status:'OK',value:'7',value_type:'INTEGER'},{name:'ROUGHNESS',node:'1',status:'OK',value:'326',value_type:'INTEGER'},{name:'LAYER_HEIGHT',node:'1',status:'OK',value:'0.15',value_type:'INTEGER'},{name:'MATERIAL',node:'1',status:'OK',value:'0',value_type:'INTEGER'},{name:'INFILL_DENSITY',node:'1',status:'OK',value:'80',value_type:'INTEGER'},{name:'INFILL_PATTERN',node:'1',status:'OK',value:'0',value_type:'INTEGER'},{name:'NOZZLE_TEMP',node:'1',status:'OK',value:'250',value_type:'INTEGER'},{name:'MODEL',node:'1',status:'OK',value:'1',value_type:'INTEGER'},{name:'ELONGATION',node:'1',status:'OK',value:'0.7000000000000001',value_type:'INTEGER'},{name:'JOB',node:'1',status:'OK',value:'1',value_type:'INTEGER'},{name:'PRINT_SPEED',node:'1',status:'OK',value:'60',value_type:'INTEGER'},{name:'FAN_SPEED',node:'1',status:'OK',value:'100',value_type:'INTEGER'}}}"
"65","71",2023-05-23 11:23:55.580,"40.86","70.29",2023-05-23 11:23:55.580,"{ts:1684855435580,param:{{name:'ELONGATION',node:'1',status:'OK',value:'1.7000000000000002',value_type:'INTEGER'},{name:'BED_TEMP',node:'1',status:'OK',value:'80',value_type:'INTEGER'},{name:'WALL_THICKNESS',node:'1',status:'OK',value:'8',value_type:'INTEGER'},{name:'LAYER_HEIGHT',node:'1',status:'OK',value:'0.02',value_type:'INTEGER'},{name:'ROUGHNESS',node:'1',status:'OK',value:'30',value_type:'INTEGER'},{name:'MATERIAL',node:'1',status:'OK',value:'1',value_type:'INTEGER'},{name:'NOZZLE_TEMP',node:'1',status:'OK',value:'220',value_type:'INTEGER'},{name:'INFILL_PATTERN',node:'1',status:'OK',value:'1',value_type:'INTEGER'},{name:'MODEL',node:'1',status:'OK',value:'1',value_type:'INTEGER'},{name:'INFILL_DENSITY',node:'1',status:'OK',value:'40',value_type:'INTEGER'},{name:'JOB',node:'1',status:'OK',value:'1',value_type:'INTEGER'},{name:'TENSION_STRENGTH',node:'1',status:'OK',value:'25',value_type:'INTEGER'},{name:'PRINT_SPEED',node:'1',status:'OK',value:'40',value_type:'INTEGER'},{name:'FAN_SPEED',node:'1',status:'OK',value:'100',value_type:'INTEGER'}}}"
